{"stats":{"minecraft:crafted":{"minecraft:stone":125,"minecraft:cooked_mutton":5,"minecraft:diamond_helmet":1,"minecraft:diamond_leggings":1,"minecraft:chest":5,"minecraft:stone_bricks":64,"minecraft:cooked_porkchop":6,"minecraft:diamond_axe":1,"minecraft:crafting_table":2,"minecraft:spruce_planks":148,"minecraft:iron_helmet":1,"minecraft:iron_chestplate":1,"minecraft:cherry_sign":3,"minecraft:diamond_pickaxe":1,"minecraft:stick":4,"minecraft:iron_ingot":9,"minecraft:iron_pickaxe":1,"minecraft:deepslate_bricks":568,"minecraft:cherry_planks":464,"minecraft:furnace":1,"minecraft:polished_deepslate":568,"minecraft:iron_axe":2,"minecraft:diamond_boots":1,"minecraft:cooked_beef":27,"minecraft:bucket":2,"minecraft:bread":111,"minecraft:air":0,"minecraft:diamond_chestplate":1},"minecraft:dropped":{"minecraft:porkchop":1,"minecraft:diamond_axe":2,"minecraft:lapis_lazuli":307,"minecraft:cooked_beef":4,"minecraft:glass_bottle":2,"minecraft:ender_pearl":217,"minecraft:diamond":3,"minecraft:cookie":4,"minecraft:leather":2,"minecraft:red_wool":64,"minecraft:rail":14,"minecraft:leather_helmet":2,"minecraft:sentry_armor_trim_smithing_template":2,"minecraft:emerald":151,"minecraft:dirt":123,"minecraft:cornflower":2,"minecraft:mutton":14,"minecraft:pumpkin_pie":4,"minecraft:gold_nugget":26,"minecraft:iron_pickaxe":1,"minecraft:white_wool":7,"minecraft:gold_ingot":40,"minecraft:bone":8,"minecraft:blackstone":1,"minecraft:ancient_debris":13,"minecraft:cobbled_deepslate":438,"minecraft:netherite_sword":1,"minecraft:wheat":10,"minecraft:rotten_flesh":2,"minecraft:diamond_shovel":1,"minecraft:azure_bluet":2,"minecraft:poppy":3,"minecraft:leather_chestplate":1,"minecraft:gunpowder":4,"minecraft:leather_boots":1,"minecraft:basalt":96,"minecraft:arrow":6,"minecraft:quartz":13,"minecraft:netherrack":2648,"minecraft:stone_hoe":1,"minecraft:iron_ingot":77,"minecraft:bread":104,"minecraft:wheat_seeds":149,"minecraft:cherry_log":1,"minecraft:diamond_leggings":1,"minecraft:netherite_chestplate":3,"minecraft:iron_helmet":1,"minecraft:cobblestone":380,"minecraft:book":1,"minecraft:grass_block":1,"minecraft:coal":7,"minecraft:stick":45,"minecraft:oxeye_daisy":2,"minecraft:iron_block":1,"minecraft:diorite":3,"minecraft:cherry_planks":170,"minecraft:diamond_helmet":1,"minecraft:iron_leggings":1,"minecraft:white_banner":7,"minecraft:iron_axe":3,"minecraft:chainmail_leggings":2,"minecraft:string":3,"minecraft:dandelion":15,"minecraft:raw_copper":24,"minecraft:bowl":11,"minecraft:raw_iron":130,"minecraft:iron_boots":1,"minecraft:shears":1,"minecraft:netherite_leggings":1,"minecraft:deepslate_bricks":504,"minecraft:diamond_sword":1,"minecraft:shield":1,"minecraft:diamond_chestplate":2,"minecraft:iron_chestplate":1,"minecraft:diamond_pickaxe":8,"minecraft:andesite":3,"minecraft:spider_eye":5,"minecraft:diamond_boots":1,"minecraft:slime_ball":4,"minecraft:beacon":2,"minecraft:stone_pickaxe":2,"minecraft:raw_gold":6,"minecraft:bell":9},"minecraft:picked_up":{"minecraft:iron_chestplate":3,"minecraft:wheat":116,"minecraft:suspicious_stew":3,"minecraft:sentry_armor_trim_smithing_template":6,"minecraft:diamond_sword":8,"minecraft:enchanted_book":7,"minecraft:music_disc_cat":1,"minecraft:string":12,"minecraft:raw_copper":107,"minecraft:iron_leggings":9,"minecraft:beetroot":1,"minecraft:diamond_leggings":5,"minecraft:gold_nugget":181,"minecraft:cobbled_deepslate":3532,"minecraft:bucket":1,"minecraft:spruce_planks":148,"minecraft:cobblestone_slab":2,"minecraft:netherite_upgrade_smithing_template":1,"minecraft:iron_pickaxe":11,"minecraft:iron_boots":8,"minecraft:stick":122,"minecraft:composter":1,"minecraft:torch":2,"minecraft:porkchop":7,"minecraft:cherry_log":170,"minecraft:diorite":48,"minecraft:rotten_flesh":67,"minecraft:iron_block":6,"minecraft:netherite_chestplate":8,"minecraft:obsidian":6,"minecraft:cobblestone":3514,"minecraft:leather_chestplate":1,"minecraft:cooked_beef":49,"minecraft:cherry_planks":386,"minecraft:cherry_leaves":128,"minecraft:water_bucket":6,"minecraft:andesite":28,"minecraft:beacon":2,"minecraft:smoker":2,"minecraft:flint":2,"minecraft:tuff":10,"minecraft:wither_skeleton_skull":1,"minecraft:netherite_leggings":18,"minecraft:lapis_lazuli":676,"minecraft:dirt":2031,"minecraft:lantern":1,"minecraft:name_tag":1,"minecraft:leather_boots":2,"minecraft:glass":18,"minecraft:bone":29,"minecraft:bow":35,"minecraft:wheat_seeds":893,"minecraft:raw_gold":6,"minecraft:bell":14,"minecraft:diamond_helmet":6,"minecraft:glowstone_dust":6,"minecraft:stone_hoe":6,"minecraft:cooked_porkchop":8,"minecraft:sand":19,"minecraft:grass_block":3,"minecraft:diamond":3,"minecraft:netherite_helmet":15,"minecraft:crossbow":3,"minecraft:granite":122,"minecraft:bone_meal":2,"minecraft:golden_apple":2,"minecraft:emerald":117,"minecraft:bread":386,"minecraft:netherrack":8509,"minecraft:diamond_pickaxe":44,"minecraft:azure_bluet":4,"minecraft:ladder":1,"minecraft:diamond_horse_armor":1,"minecraft:shield":23,"minecraft:cornflower":2,"minecraft:elytra":1,"minecraft:flint_and_steel":1,"minecraft:iron_axe":16,"minecraft:iron_shovel":5,"minecraft:blackstone":5,"minecraft:netherite_sword":23,"minecraft:beef":23,"minecraft:oak_boat":4,"minecraft:poppy":44,"minecraft:minecart":1,"minecraft:sugar_cane":138,"minecraft:chest":2,"minecraft:egg":2,"minecraft:raw_iron":314,"minecraft:bowl":8,"minecraft:cake":4,"minecraft:cookie":16,"minecraft:arrow":214,"minecraft:diamond_chestplate":18,"minecraft:beetroot_seeds":4,"minecraft:pumpkin_pie":8,"minecraft:nether_bricks":12,"minecraft:deepslate_bricks":1424,"minecraft:shears":6,"minecraft:diamond_boots":8,"minecraft:saddle":2,"minecraft:gold_ingot":82,"minecraft:mutton":53,"minecraft:rail":31,"minecraft:white_wool":60,"minecraft:oxeye_daisy":3,"minecraft:netherite_boots":14,"minecraft:basalt":100,"minecraft:leather":66,"minecraft:ancient_debris":13,"minecraft:yellow_bed":1,"minecraft:gunpowder":17,"minecraft:white_banner":27,"minecraft:cooked_mutton":14,"minecraft:stone_bricks":24,"minecraft:stone_pickaxe":7,"minecraft:iron_ingot":337,"minecraft:glass_bottle":3,"minecraft:iron_sword":1,"minecraft:book":4,"minecraft:sculk_catalyst":1,"minecraft:red_wool":94,"minecraft:quartz":26,"minecraft:dandelion":16,"minecraft:gravel":21,"minecraft:spruce_sapling":5,"minecraft:white_bed":25,"minecraft:spruce_log":37,"minecraft:crying_obsidian":21,"minecraft:spider_eye":12,"minecraft:leather_helmet":5,"minecraft:diamond_shovel":3,"minecraft:slime_ball":12,"minecraft:chainmail_leggings":3,"minecraft:iron_helmet":10,"minecraft:diamond_axe":2,"minecraft:cherry_sapling":22,"minecraft:melon_seeds":4,"minecraft:coal":27,"minecraft:ender_pearl":278},"minecraft:mined":{"minecraft:cherry_log":118,"minecraft:granite":2,"minecraft:grass_block":759,"minecraft:composter":1,"minecraft:oxeye_daisy":2,"minecraft:iron_ore":15,"minecraft:cobbled_deepslate":63,"minecraft:fire":122,"minecraft:deepslate_lapis_ore":6,"minecraft:iron_block":2,"minecraft:blackstone":15,"minecraft:smoker":2,"minecraft:poppy":1,"minecraft:beacon":1,"minecraft:dead_bush":1,"minecraft:glass":1,"minecraft:nether_quartz_ore":24,"minecraft:wither_skeleton_wall_skull":1,"minecraft:cobblestone":130,"minecraft:sugar_cane":24,"minecraft:wall_torch":2,"minecraft:wheat":100,"minecraft:grass":193,"minecraft:beetroots":1,"minecraft:dirt":249,"minecraft:netherrack":7812,"minecraft:ancient_debris":9,"minecraft:oak_leaves":1,"minecraft:deepslate":948,"minecraft:nether_gold_ore":15,"minecraft:crying_obsidian":1,"minecraft:cherry_sapling":1,"minecraft:spruce_leaves":21,"minecraft:andesite":15,"minecraft:deepslate_iron_ore":22,"minecraft:lantern":1,"minecraft:stone":818,"minecraft:glass_pane":1,"minecraft:cherry_planks":11,"minecraft:basalt":8,"minecraft:dandelion":2,"minecraft:tall_grass":21,"minecraft:copper_ore":10,"minecraft:deepslate_gold_ore":4,"minecraft:sculk":6,"minecraft:diorite":13,"minecraft:spruce_log":42,"minecraft:bee_nest":1,"minecraft:yellow_bed":1,"minecraft:coal_ore":8,"minecraft:cherry_leaves":7,"minecraft:gravel":3},"minecraft:killed_by":{"minecraft:zombified_piglin":1,"minecraft:creeper":2,"minecraft:ravager":3,"minecraft:vindicator":2,"minecraft:zombie":3,"minecraft:vex":1,"minecraft:player":12,"minecraft:iron_golem":9,"minecraft:skeleton":2,"minecraft:wither":1},"minecraft:killed":{"minecraft:witch":1,"minecraft:spider":6,"minecraft:skeleton":8,"minecraft:bee":3,"minecraft:pig":4,"minecraft:iron_golem":5,"minecraft:creeper":1,"minecraft:sheep":20,"minecraft:pillager":7,"minecraft:zombie":7,"minecraft:cow":11,"minecraft:vindicator":8,"minecraft:slime":3,"minecraft:bat":1,"minecraft:ravager":2,"minecraft:enderman":554},"minecraft:broken":{"minecraft:diamond_pickaxe":1},"minecraft:custom":{"minecraft:animals_bred":4,"minecraft:interact_with_crafting_table":17,"minecraft:eat_cake_slice":5,"minecraft:leave_game":41,"minecraft:time_since_death":2792,"minecraft:sprint_one_cm":1000346,"minecraft:damage_blocked_by_shield":1950,"minecraft:drop":267,"minecraft:talked_to_villager":42,"minecraft:play_time":380601,"minecraft:deaths":46,"minecraft:jump":7954,"minecraft:walk_on_water_one_cm":13525,"minecraft:interact_with_furnace":15,"minecraft:traded_with_villager":22,"minecraft:sleep_in_bed":4,"minecraft:open_enderchest":43,"minecraft:damage_dealt":23294,"minecraft:interact_with_beacon":4,"minecraft:player_kills":23,"minecraft:crouch_one_cm":95778,"minecraft:interact_with_smoker":25,"minecraft:interact_with_smithing_table":2,"minecraft:mob_kills":642,"minecraft:interact_with_anvil":4,"minecraft:climb_one_cm":22682,"minecraft:walk_one_cm":879226,"minecraft:raid_win":1,"minecraft:sneak_time":28923,"minecraft:walk_under_water_one_cm":89557,"minecraft:interact_with_blast_furnace":3,"minecraft:total_world_time":380601,"minecraft:interact_with_grindstone":2,"minecraft:interact_with_stonecutter":1,"minecraft:time_since_rest":2841,"minecraft:damage_taken":21341,"minecraft:damage_absorbed":42,"minecraft:swim_one_cm":119495,"minecraft:fly_one_cm":1938521,"minecraft:open_chest":218,"minecraft:fall_one_cm":175306},"minecraft:used":{"minecraft:beetroot":1,"minecraft:cherry_sapling":22,"minecraft:iron_shovel":201,"minecraft:poppy":2,"minecraft:chest":5,"minecraft:shield":34,"minecraft:iron_sword":4,"minecraft:bell":1,"minecraft:rotten_flesh":10,"minecraft:obsidian":3,"minecraft:lantern":1,"minecraft:iron_helmet":3,"minecraft:netherite_boots":3,"minecraft:bow":64,"minecraft:furnace":1,"minecraft:beetroot_seeds":4,"minecraft:diorite":2,"minecraft:diamond_boots":3,"minecraft:wither_skeleton_skull":1,"minecraft:ender_pearl":7,"minecraft:composter":1,"minecraft:golden_apple":2,"minecraft:netherite_leggings":1,"minecraft:netherite_helmet":2,"minecraft:crying_obsidian":1,"minecraft:bread":74,"minecraft:cherry_sign":2,"minecraft:gravel":3,"minecraft:diamond_sword":112,"minecraft:andesite":7,"minecraft:netherite_sword":282,"minecraft:spruce_planks":5,"minecraft:netherrack":1127,"minecraft:dirt":271,"minecraft:diamond_helmet":3,"minecraft:granite":14,"minecraft:iron_axe":216,"minecraft:iron_boots":2,"minecraft:diamond_chestplate":4,"minecraft:basalt":5,"minecraft:cooked_beef":29,"minecraft:cobbled_deepslate":155,"minecraft:iron_leggings":3,"minecraft:cooked_mutton":12,"minecraft:wheat_seeds":142,"minecraft:water_bucket":37,"minecraft:netherite_chestplate":2,"minecraft:cherry_planks":81,"minecraft:crafting_table":2,"minecraft:white_bed":12,"minecraft:smoker":2,"minecraft:diamond_pickaxe":9914,"minecraft:diamond_shovel":837,"minecraft:iron_pickaxe":105,"minecraft:suspicious_stew":3,"minecraft:spruce_sapling":5,"minecraft:cobblestone":417,"minecraft:potion":2,"minecraft:white_banner":7,"minecraft:cooked_porkchop":11,"minecraft:bucket":39,"minecraft:diamond_leggings":2}},"DataVersion":3465}