{"stats":{"minecraft:mined":{"minecraft:grass":1},"minecraft:picked_up":{"minecraft:grass_block":1,"minecraft:torch":1,"minecraft:ender_pearl":20},"minecraft:used":{"minecraft:ender_eye":13},"minecraft:custom":{"minecraft:jump":17,"minecraft:open_chest":1,"minecraft:time_since_rest":8352,"minecraft:crouch_one_cm":77,"minecraft:play_time":8352,"minecraft:leave_game":1,"minecraft:sprint_one_cm":2905,"minecraft:time_since_death":8345,"minecraft:walk_one_cm":709,"minecraft:sneak_time":338,"minecraft:total_world_time":8352,"minecraft:walk_under_water_one_cm":5194,"minecraft:drop":5,"minecraft:fall_one_cm":478,"minecraft:fly_one_cm":105056},"minecraft:dropped":{"minecraft:torch":1,"minecraft:ender_pearl":20,"minecraft:grass_block":1,"minecraft:ender_eye":1}},"DataVersion":3465}