{"stats":{"minecraft:killed":{"minecraft:zombified_piglin":2,"minecraft:witch":5,"minecraft:spider":6,"minecraft:shulker":3,"minecraft:wither":1,"minecraft:skeleton":4,"minecraft:piglin":5,"minecraft:pig":1,"minecraft:zombie_villager":6,"minecraft:iron_golem":27,"minecraft:creeper":5,"minecraft:sheep":11,"minecraft:pillager":40,"minecraft:zombie":49,"minecraft:ghast":1,"minecraft:blaze":22,"minecraft:cow":23,"minecraft:evoker":2,"minecraft:vex":3,"minecraft:vindicator":9,"minecraft:endermite":5,"minecraft:slime":15,"minecraft:warden":1,"minecraft:hoglin":5,"minecraft:wither_skeleton":1,"minecraft:villager":37,"minecraft:enderman":2817},"minecraft:mined":{"minecraft:large_amethyst_bud":1,"minecraft:white_bed":4,"minecraft:farmland":8,"minecraft:cherry_log":73,"minecraft:sculk_vein":1,"minecraft:obsidian":2,"minecraft:cherry_trapdoor":1,"minecraft:granite":26,"minecraft:grass_block":1465,"minecraft:deepslate_bricks":84,"minecraft:composter":2,"minecraft:spawner":1,"minecraft:cobbled_deepslate":86,"minecraft:iron_ore":52,"minecraft:fire":11,"minecraft:deepslate_lapis_ore":23,"minecraft:azure_bluet":1,"minecraft:small_amethyst_bud":1,"minecraft:iron_block":155,"minecraft:blackstone":12,"minecraft:torch":33,"minecraft:poppy":1,"minecraft:beacon":1,"minecraft:chest":2,"minecraft:dead_bush":2,"minecraft:nether_quartz_ore":10,"minecraft:glass":11,"minecraft:cobblestone":94,"minecraft:sugar_cane":102,"minecraft:oak_planks":148,"minecraft:wall_torch":13,"minecraft:seagrass":1,"minecraft:powered_rail":1,"minecraft:wheat":478,"minecraft:grass":241,"minecraft:oak_log":53,"minecraft:sand":55,"minecraft:dirt":1290,"minecraft:smooth_basalt":9,"minecraft:ancient_debris":78,"minecraft:netherrack":1058,"minecraft:oak_leaves":4,"minecraft:deepslate":1036,"minecraft:tuff":8,"minecraft:deepslate_diamond_ore":170,"minecraft:cherry_sapling":1,"minecraft:end_stone":4,"minecraft:shulker_box":4,"minecraft:nether_bricks":5,"minecraft:dark_oak_fence":12,"minecraft:cherry_wall_sign":9,"minecraft:large_fern":2,"minecraft:oak_trapdoor":1,"minecraft:carrots":2,"minecraft:andesite":14,"minecraft:gold_block":19,"minecraft:bookshelf":1,"minecraft:cobblestone_slab":3,"minecraft:deepslate_iron_ore":15,"minecraft:rail":25,"minecraft:lantern":2,"minecraft:stone":1472,"minecraft:bone_block":15,"minecraft:ender_chest":1,"minecraft:glass_pane":3,"minecraft:cherry_planks":13,"minecraft:basalt":90,"minecraft:dandelion":2,"minecraft:lectern":2,"minecraft:tall_grass":25,"minecraft:copper_ore":2,"minecraft:deepslate_coal_ore":29,"minecraft:deepslate_gold_ore":4,"minecraft:diorite":4,"minecraft:white_carpet":1,"minecraft:yellow_bed":3,"minecraft:coal_ore":28,"minecraft:cherry_leaves":189,"minecraft:gravel":44,"minecraft:stone_bricks":32,"minecraft:cherry_sign":3,"minecraft:fern":2},"minecraft:broken":{"minecraft:diamond_shovel":1},"minecraft:crafted":{"minecraft:oak_planks":204,"minecraft:cherry_slab":126,"minecraft:blaze_powder":14,"minecraft:diamond_shovel":3,"minecraft:bookshelf":16,"minecraft:cooked_mutton":37,"minecraft:glass":110,"minecraft:diamond_helmet":7,"minecraft:diamond_leggings":7,"minecraft:bow":51,"minecraft:iron_boots":2,"minecraft:tipped_arrow":5,"minecraft:chest":8,"minecraft:oak_button":1,"minecraft:netherite_upgrade_smithing_template":36,"minecraft:rail":32,"minecraft:stone_hoe":5,"minecraft:ender_eye":14,"minecraft:furnace_minecart":1,"minecraft:oak_slab":12,"minecraft:arrow":448,"minecraft:emerald":218,"minecraft:cooked_porkchop":20,"minecraft:diamond_axe":5,"minecraft:crafting_table":5,"minecraft:wooden_pickaxe":1,"minecraft:iron_helmet":2,"minecraft:clock":12,"minecraft:lectern":3,"minecraft:iron_chestplate":13,"minecraft:book":13,"minecraft:paper":51,"minecraft:diamond_pickaxe":6,"minecraft:stick":796,"minecraft:iron_ingot":44,"minecraft:compass":12,"minecraft:iron_block":6,"minecraft:gold_ingot":196,"minecraft:redstone_torch":1,"minecraft:netherite_ingot":21,"minecraft:composter":1,"minecraft:deepslate_bricks":1476,"minecraft:shears":1,"minecraft:cherry_planks":460,"minecraft:furnace":1,"minecraft:bone_meal":417,"minecraft:white_carpet":111,"minecraft:glass_pane":144,"minecraft:cherry_trapdoor":12,"minecraft:lantern":12,"minecraft:polished_deepslate":1476,"minecraft:iron_axe":23,"minecraft:stone_pickaxe":1,"minecraft:diamond_boots":8,"minecraft:netherite_scrap":88,"minecraft:chainmail_leggings":12,"minecraft:minecart":3,"minecraft:cooked_beef":13,"minecraft:crossbow":24,"minecraft:enchanting_table":1,"minecraft:iron_sword":9,"minecraft:bell":29,"minecraft:bucket":1,"minecraft:enchanted_book":59,"minecraft:bread":95,"minecraft:air":0,"minecraft:oak_boat":1,"minecraft:iron_leggings":2,"minecraft:anvil":1,"minecraft:white_bed":13,"minecraft:diamond_chestplate":7},"minecraft:custom":{"minecraft:animals_bred":42,"minecraft:interact_with_crafting_table":97,"minecraft:open_shulker_box":11,"minecraft:leave_game":17,"minecraft:time_since_death":55625,"minecraft:sprint_one_cm":2315616,"minecraft:drop":525,"minecraft:talked_to_villager":1546,"minecraft:play_time":1110255,"minecraft:deaths":38,"minecraft:jump":11339,"minecraft:interact_with_brewingstand":2,"minecraft:walk_on_water_one_cm":100210,"minecraft:enchant_item":10,"minecraft:interact_with_furnace":35,"minecraft:traded_with_villager":553,"minecraft:sleep_in_bed":26,"minecraft:open_enderchest":22,"minecraft:damage_dealt":90022,"minecraft:interact_with_beacon":6,"minecraft:player_kills":17,"minecraft:crouch_one_cm":267600,"minecraft:interact_with_smoker":29,"minecraft:inspect_dispenser":3,"minecraft:interact_with_smithing_table":27,"minecraft:mob_kills":3116,"minecraft:interact_with_anvil":33,"minecraft:inspect_hopper":25,"minecraft:climb_one_cm":41473,"minecraft:walk_one_cm":2020891,"minecraft:raid_win":1,"minecraft:sneak_time":89756,"minecraft:walk_under_water_one_cm":82012,"minecraft:boat_one_cm":21230,"minecraft:interact_with_blast_furnace":62,"minecraft:total_world_time":1110255,"minecraft:raid_trigger":1,"minecraft:interact_with_grindstone":7,"minecraft:interact_with_stonecutter":1,"minecraft:time_since_rest":55656,"minecraft:damage_taken":21991,"minecraft:damage_absorbed":244,"minecraft:minecart_one_cm":170,"minecraft:swim_one_cm":13584,"minecraft:fly_one_cm":12405531,"minecraft:open_chest":471,"minecraft:aviate_one_cm":232775,"minecraft:fall_one_cm":301595},"minecraft:used":{"minecraft:cherry_sapling":12,"minecraft:dispenser":1,"minecraft:poppy":1,"minecraft:elytra":1,"minecraft:chest":18,"minecraft:stone":532,"minecraft:iron_sword":49,"minecraft:zombie_spawn_egg":31,"minecraft:farmland":5,"minecraft:rotten_flesh":32,"minecraft:soul_sand":4,"minecraft:nether_bricks":4,"minecraft:carrot":102,"minecraft:furnace_minecart":2,"minecraft:deepslate_tile_slab":26,"minecraft:obsidian":16,"minecraft:glass":256,"minecraft:lava_bucket":42,"minecraft:villager_spawn_egg":87,"minecraft:lantern":19,"minecraft:grass_block":47,"minecraft:cherry_leaves":129,"minecraft:stone_bricks":2,"minecraft:netherite_boots":2,"minecraft:bow":43,"minecraft:furnace":1,"minecraft:diamond_boots":5,"minecraft:cow_spawn_egg":11,"minecraft:wither_skeleton_skull":3,"minecraft:stone_pickaxe":29,"minecraft:powered_rail":3,"minecraft:oak_planks":439,"minecraft:ender_pearl":6,"minecraft:wooden_pickaxe":6,"minecraft:composter":3,"minecraft:diamond_axe":682,"minecraft:sugar_cane":44,"minecraft:white_wool":1,"minecraft:golden_apple":16,"minecraft:sand":27,"minecraft:netherite_leggings":5,"minecraft:blast_furnace":2,"minecraft:crossbow":3,"minecraft:netherite_helmet":6,"minecraft:shears":164,"minecraft:end_stone":6,"minecraft:redstone_torch":1,"minecraft:firework_rocket":5,"minecraft:bread":139,"minecraft:lectern":832,"minecraft:cherry_sign":37,"minecraft:diamond_sword":67,"minecraft:grindstone":2,"minecraft:smithing_table":3,"minecraft:oak_boat":8,"minecraft:bone_meal":673,"minecraft:cherry_boat":2,"minecraft:oak_fence":71,"minecraft:oak_trapdoor":10,"minecraft:netherite_sword":914,"minecraft:iron_bars":1,"minecraft:enchanting_table":1,"minecraft:ender_chest":6,"minecraft:stone_hoe":199,"minecraft:netherrack":146,"minecraft:torch":92,"minecraft:dirt":1600,"minecraft:anvil":6,"minecraft:white_carpet":126,"minecraft:hopper":9,"minecraft:diamond_helmet":3,"minecraft:shulker_box":4,"minecraft:bookshelf":35,"minecraft:iron_block":304,"minecraft:iron_axe":26,"minecraft:oak_stairs":1,"minecraft:cherry_trapdoor":13,"minecraft:totem_of_undying":1,"minecraft:diamond_chestplate":4,"minecraft:beef":7,"minecraft:goat_horn":6,"minecraft:minecart":23,"minecraft:cooked_beef":19,"minecraft:cobbled_deepslate":46,"minecraft:cherry_log":1,"minecraft:wheat_seeds":677,"minecraft:cooked_mutton":24,"minecraft:water_bucket":158,"minecraft:netherite_chestplate":3,"minecraft:iron_golem_spawn_egg":1,"minecraft:cherry_planks":18,"minecraft:beacon":2,"minecraft:fletching_table":4,"minecraft:sheep_spawn_egg":3,"minecraft:cobblestone_slab":176,"minecraft:deepslate_bricks":1438,"minecraft:rail":196,"minecraft:crafting_table":5,"minecraft:white_bed":54,"minecraft:endermite_spawn_egg":17,"minecraft:smoker":1,"minecraft:oak_log":26,"minecraft:wooden_hoe":4,"minecraft:ender_eye":15,"minecraft:diamond_pickaxe":4674,"minecraft:diamond_shovel":2850,"minecraft:oak_button":1,"minecraft:iron_pickaxe":37,"minecraft:map":4,"minecraft:cobblestone":237,"minecraft:cooked_porkchop":5,"minecraft:bucket":139,"minecraft:glass_pane":147,"minecraft:pumpkin_pie":8,"minecraft:yellow_bed":14,"minecraft:splash_potion":31,"minecraft:pillager_spawn_egg":13},"minecraft:dropped":{"minecraft:clay":1,"minecraft:iron_sword":3,"minecraft:diamond_axe":2,"minecraft:lapis_lazuli":171,"minecraft:cooked_beef":134,"minecraft:oak_log":26,"minecraft:ender_pearl":1025,"minecraft:glass_bottle":12,"minecraft:diamond":6,"minecraft:cooked_porkchop":5,"minecraft:netherite_upgrade_smithing_template":8,"minecraft:crossbow":2,"minecraft:leather":2,"minecraft:elytra":1,"minecraft:rail":44,"minecraft:emerald":51,"minecraft:cobblestone_stairs":1,"minecraft:dirt":559,"minecraft:grass":4,"minecraft:dark_oak_fence":6,"minecraft:netherite_boots":2,"minecraft:cherry_leaves":24,"minecraft:gold_nugget":2,"minecraft:iron_pickaxe":2,"minecraft:white_wool":44,"minecraft:bone":7,"minecraft:gravel":6,"minecraft:compass":12,"minecraft:blackstone":28,"minecraft:goat_horn":1,"minecraft:stone_axe":2,"minecraft:ancient_debris":9,"minecraft:cobbled_deepslate":455,"minecraft:netherite_sword":4,"minecraft:wheat":51,"minecraft:rotten_flesh":45,"minecraft:oak_planks":3,"minecraft:diamond_shovel":1,"minecraft:cooked_mutton":9,"minecraft:white_bed":28,"minecraft:carrot":1,"minecraft:endermite_spawn_egg":1,"minecraft:poppy":5,"minecraft:gunpowder":6,"minecraft:hopper":1,"minecraft:chainmail_boots":1,"minecraft:glass":49,"minecraft:basalt":2,"minecraft:arrow":102,"minecraft:beef":4,"minecraft:netherrack":806,"minecraft:firework_rocket":18,"minecraft:enchanted_book":16,"minecraft:lectern":1,"minecraft:iron_ingot":147,"minecraft:stone_hoe":2,"minecraft:water_bucket":1,"minecraft:bread":208,"minecraft:wheat_seeds":105,"minecraft:cherry_log":5,"minecraft:minecart":2,"minecraft:bookshelf":6,"minecraft:diamond_leggings":5,"minecraft:netherite_helmet":3,"minecraft:netherite_chestplate":4,"minecraft:iron_helmet":4,"minecraft:cobblestone":663,"minecraft:book":1,"minecraft:apple":11,"minecraft:granite":41,"minecraft:grass_block":1,"minecraft:stick":131,"minecraft:lava_bucket":2,"minecraft:cherry_sign":2,"minecraft:iron_block":1,"minecraft:diorite":11,"minecraft:torch":1,"minecraft:cherry_planks":8,"minecraft:diamond_helmet":4,"minecraft:iron_leggings":5,"minecraft:iron_axe":12,"minecraft:wither_rose":4,"minecraft:white_banner":1,"minecraft:iron_shovel":1,"minecraft:string":11,"minecraft:dandelion":3,"minecraft:anvil":1,"minecraft:netherite_ingot":2,"minecraft:ender_chest":1,"minecraft:raw_copper":7,"minecraft:tuff":2,"minecraft:raw_iron":46,"minecraft:white_carpet":1,"minecraft:wither_skeleton_skull":1,"minecraft:iron_boots":4,"minecraft:ender_eye":3,"minecraft:name_tag":1,"minecraft:shulker_box":3,"minecraft:shears":5,"minecraft:suspicious_stew":4,"minecraft:netherite_leggings":3,"minecraft:blast_furnace":1,"minecraft:deepslate_bricks":184,"minecraft:diamond_sword":2,"minecraft:stone":3,"minecraft:shield":4,"minecraft:diamond_chestplate":5,"minecraft:diamond_pickaxe":14,"minecraft:iron_chestplate":3,"minecraft:dragon_egg":1,"minecraft:andesite":13,"minecraft:yellow_bed":2,"minecraft:golden_leggings":1,"minecraft:stone_bricks":35,"minecraft:diamond_boots":5,"minecraft:bow":5},"minecraft:picked_up":{"minecraft:iron_chestplate":3,"minecraft:wheat":489,"minecraft:chainmail_boots":1,"minecraft:suspicious_stew":4,"minecraft:sentry_armor_trim_smithing_template":8,"minecraft:diamond_sword":3,"minecraft:wither_rose":6,"minecraft:enchanted_book":49,"minecraft:amethyst_block":1,"minecraft:music_disc_cat":1,"minecraft:string":19,"minecraft:raw_copper":20,"minecraft:iron_leggings":4,"minecraft:netherite_ingot":14,"minecraft:oak_sign":3,"minecraft:cherry_boat":3,"minecraft:diamond_leggings":10,"minecraft:gold_nugget":11,"minecraft:cobbled_deepslate":3631,"minecraft:bucket":6,"minecraft:eye_armor_trim_smithing_template":4,"minecraft:cobblestone_slab":1,"minecraft:ender_eye":6,"minecraft:netherite_upgrade_smithing_template":9,"minecraft:iron_pickaxe":3,"minecraft:iron_boots":3,"minecraft:stick":318,"minecraft:composter":2,"minecraft:torch":155,"minecraft:porkchop":20,"minecraft:villager_spawn_egg":1,"minecraft:cherry_log":163,"minecraft:diorite":14,"minecraft:goat_horn":2,"minecraft:zombie_spawn_egg":1,"minecraft:rotten_flesh":132,"minecraft:iron_block":166,"minecraft:bookshelf":36,"minecraft:netherite_chestplate":15,"minecraft:blaze_rod":17,"minecraft:obsidian":2,"minecraft:cobblestone":2291,"minecraft:furnace_minecart":2,"minecraft:leather_chestplate":2,"minecraft:cooked_beef":134,"minecraft:cherry_planks":40,"minecraft:cherry_leaves":281,"minecraft:water_bucket":7,"minecraft:andesite":15,"minecraft:golden_leggings":1,"minecraft:beacon":1,"minecraft:flint":11,"minecraft:tuff":7,"minecraft:wither_skeleton_skull":1,"minecraft:netherite_leggings":14,"minecraft:lapis_lazuli":250,"minecraft:dirt":2366,"minecraft:lantern":31,"minecraft:name_tag":1,"minecraft:glass":3,"minecraft:bone":20,"minecraft:bow":14,"minecraft:wheat_seeds":1635,"minecraft:raw_gold":4,"minecraft:bell":5,"minecraft:diamond_helmet":10,"minecraft:glowstone_dust":5,"minecraft:powered_rail":1,"minecraft:oak_planks":83,"minecraft:stone_hoe":2,"minecraft:cooked_porkchop":5,"minecraft:sand":63,"minecraft:grass_block":2,"minecraft:shulker_box":4,"minecraft:clay":1,"minecraft:diamond":218,"minecraft:netherite_helmet":14,"minecraft:crossbow":15,"minecraft:granite":82,"minecraft:grass":4,"minecraft:golden_apple":2,"minecraft:bread":342,"minecraft:emerald":623,"minecraft:cherry_slab":128,"minecraft:netherrack":2134,"minecraft:dark_oak_fence":6,"minecraft:nether_star":2,"minecraft:diamond_pickaxe":30,"minecraft:azure_bluet":1,"minecraft:splash_potion":1,"minecraft:gold_block":19,"minecraft:shield":3,"minecraft:red_bed":6,"minecraft:oak_trapdoor":1,"minecraft:elytra":6,"minecraft:iron_axe":18,"minecraft:item_frame":1,"minecraft:white_carpet":1,"minecraft:iron_shovel":1,"minecraft:blackstone":29,"minecraft:netherite_sword":12,"minecraft:beef":54,"minecraft:oak_boat":6,"minecraft:poppy":22,"minecraft:lectern":6,"minecraft:minecart":5,"minecraft:sugar_cane":162,"minecraft:chest":2,"minecraft:cherry_trapdoor":1,"minecraft:raw_iron":135,"minecraft:end_stone":4,"minecraft:stone":4,"minecraft:carrot":9,"minecraft:redstone":7,"minecraft:arrow":426,"minecraft:diamond_chestplate":13,"minecraft:pumpkin_pie":18,"minecraft:nether_bricks":5,"minecraft:deepslate_bricks":40,"minecraft:shears":6,"minecraft:diamond_boots":16,"minecraft:totem_of_undying":13,"minecraft:saddle":1,"minecraft:gold_ingot":32,"minecraft:mutton":40,"minecraft:white_wool":160,"minecraft:rail":131,"minecraft:bone_block":14,"minecraft:netherite_boots":10,"minecraft:basalt":87,"minecraft:leather":37,"minecraft:filled_map":4,"minecraft:oak_log":103,"minecraft:ancient_debris":137,"minecraft:yellow_bed":5,"minecraft:gunpowder":17,"minecraft:cobblestone_stairs":1,"minecraft:deepslate_tile_slab":3,"minecraft:wooden_hoe":1,"minecraft:paper":12,"minecraft:white_banner":18,"minecraft:cooked_mutton":7,"minecraft:stone_bricks":37,"minecraft:apple":11,"minecraft:iron_ingot":149,"minecraft:cherry_sign":8,"minecraft:glass_bottle":30,"minecraft:iron_sword":4,"minecraft:book":193,"minecraft:sculk_catalyst":1,"minecraft:smooth_basalt":7,"minecraft:red_wool":64,"minecraft:quartz":13,"minecraft:dandelion":7,"minecraft:gravel":129,"minecraft:lava_bucket":2,"minecraft:blast_furnace":2,"minecraft:white_bed":33,"minecraft:dragon_egg":2,"minecraft:spider_eye":12,"minecraft:firework_rocket":13,"minecraft:diamond_shovel":14,"minecraft:slime_ball":27,"minecraft:stone_axe":2,"minecraft:iron_helmet":3,"minecraft:diamond_axe":12,"minecraft:cherry_sapling":3,"minecraft:coal":68,"minecraft:ender_pearl":1670},"minecraft:killed_by":{"minecraft:zombie_villager":2,"minecraft:ravager":2,"minecraft:vindicator":3,"minecraft:zombie":1,"minecraft:vex":1,"minecraft:player":11,"minecraft:enderman":2,"minecraft:iron_golem":5,"minecraft:ender_dragon":3,"minecraft:warden":1,"minecraft:skeleton":1,"minecraft:wither":1}},"DataVersion":3465}