{"stats":{"minecraft:dropped":{"minecraft:diamond_axe":2,"minecraft:lapis_lazuli":91,"minecraft:ender_pearl":17,"minecraft:netherite_upgrade_smithing_template":2,"minecraft:cookie":4,"minecraft:rail":50,"minecraft:emerald":70,"minecraft:dirt":234,"minecraft:crimson_roots":2,"minecraft:netherite_boots":1,"minecraft:cherry_leaves":128,"minecraft:gold_nugget":26,"minecraft:pumpkin_pie":10,"minecraft:sand":3,"minecraft:iron_pickaxe":2,"minecraft:white_wool":2,"minecraft:bone":6,"minecraft:gravel":17,"minecraft:blackstone":12,"minecraft:cobbled_deepslate":378,"minecraft:wheat":32,"minecraft:rotten_flesh":11,"minecraft:oak_planks":1,"minecraft:diamond_shovel":2,"minecraft:nether_brick_fence":2,"minecraft:white_bed":37,"minecraft:poppy":2,"minecraft:gunpowder":4,"minecraft:basalt":29,"minecraft:arrow":44,"minecraft:quartz":12,"minecraft:netherrack":3638,"minecraft:firework_rocket":13,"minecraft:iron_ingot":234,"minecraft:bread":132,"minecraft:wheat_seeds":59,"minecraft:cherry_log":96,"minecraft:diamond_leggings":3,"minecraft:netherite_helmet":1,"minecraft:netherite_chestplate":4,"minecraft:iron_helmet":1,"minecraft:cobblestone":608,"minecraft:book":82,"minecraft:granite":7,"minecraft:coal":3,"minecraft:golden_apple":2,"minecraft:stick":39,"minecraft:diorite":1,"minecraft:cherry_planks":12,"minecraft:diamond_helmet":2,"minecraft:iron_leggings":1,"minecraft:iron_axe":2,"minecraft:iron_shovel":2,"minecraft:dandelion":2,"minecraft:redstone":7,"minecraft:raw_copper":14,"minecraft:tuff":2,"minecraft:raw_iron":22,"minecraft:shears":1,"minecraft:pumpkin_seeds":3,"minecraft:netherite_leggings":2,"minecraft:suspicious_stew":3,"minecraft:deepslate_bricks":64,"minecraft:diamond_sword":2,"minecraft:cobblestone_slab":10,"minecraft:shield":2,"minecraft:diamond_chestplate":4,"minecraft:diamond_pickaxe":4,"minecraft:dragon_egg":1,"minecraft:iron_chestplate":1,"minecraft:andesite":91,"minecraft:diamond_boots":2,"minecraft:bow":2,"minecraft:raw_gold":12},"minecraft:crafted":{"minecraft:oak_planks":220,"minecraft:cherry_boat":1,"minecraft:stone":168,"minecraft:diamond_shovel":3,"minecraft:bookshelf":1,"minecraft:cooked_mutton":5,"minecraft:suspicious_stew":7,"minecraft:cake":2,"minecraft:glass":114,"minecraft:hopper":9,"minecraft:diamond_helmet":1,"minecraft:diamond_leggings":1,"minecraft:iron_boots":2,"minecraft:chest":37,"minecraft:stone_bricks":92,"minecraft:oak_slab":12,"minecraft:emerald":442,"minecraft:arrow":80,"minecraft:diamond_axe":2,"minecraft:crafting_table":4,"minecraft:wooden_pickaxe":3,"minecraft:iron_helmet":2,"minecraft:red_wool":94,"minecraft:apple":64,"minecraft:iron_chestplate":2,"minecraft:diamond_pickaxe":10,"minecraft:paper":9,"minecraft:cherry_sign":9,"minecraft:shield":1,"minecraft:stick":1340,"minecraft:iron_ingot":26,"minecraft:iron_pickaxe":7,"minecraft:iron_block":27,"minecraft:netherite_ingot":5,"minecraft:composter":1,"minecraft:deepslate_bricks":540,"minecraft:shears":7,"minecraft:golden_carrot":36,"minecraft:cherry_planks":1020,"minecraft:cookie":18,"minecraft:furnace":1,"minecraft:bone_meal":3,"minecraft:flint_and_steel":1,"minecraft:polished_deepslate":540,"minecraft:iron_axe":3,"minecraft:ladder":3,"minecraft:stone_pickaxe":14,"minecraft:diamond_boots":1,"minecraft:netherite_scrap":16,"minecraft:cooked_beef":11,"minecraft:red_dye":126,"minecraft:diamond_sword":1,"minecraft:iron_sword":2,"minecraft:bucket":14,"minecraft:stone_axe":12,"minecraft:bread":219,"minecraft:air":0,"minecraft:oak_boat":1,"minecraft:golden_apple":4,"minecraft:iron_leggings":2,"minecraft:stonecutter":1,"minecraft:white_bed":88,"minecraft:pumpkin_pie":48,"minecraft:torch":136,"minecraft:diamond_chestplate":1,"minecraft:firework_rocket":27},"minecraft:picked_up":{"minecraft:iron_chestplate":11,"minecraft:wheat":329,"minecraft:nether_brick_fence":4,"minecraft:suspicious_stew":2,"minecraft:diamond_sword":2,"minecraft:potion":2,"minecraft:enchanted_book":12,"minecraft:golden_sword":1,"minecraft:string":45,"minecraft:raw_copper":34,"minecraft:iron_leggings":13,"minecraft:netherite_ingot":8,"minecraft:cherry_boat":11,"minecraft:diamond_leggings":5,"minecraft:gold_nugget":301,"minecraft:cobbled_deepslate":3193,"minecraft:bucket":4,"minecraft:cobblestone_slab":141,"minecraft:netherite_upgrade_smithing_template":6,"minecraft:iron_pickaxe":8,"minecraft:iron_boots":8,"minecraft:stick":522,"minecraft:composter":2,"minecraft:oak_fence":5,"minecraft:torch":300,"minecraft:porkchop":6,"minecraft:cherry_log":352,"minecraft:diorite":20,"minecraft:cactus":10,"minecraft:rotten_flesh":298,"minecraft:iron_block":166,"minecraft:bookshelf":12,"minecraft:netherite_chestplate":6,"minecraft:obsidian":17,"minecraft:cobblestone":2429,"minecraft:furnace_minecart":1,"minecraft:magma_block":17,"minecraft:cooked_beef":28,"minecraft:magma_cream":11,"minecraft:cherry_planks":277,"minecraft:cherry_leaves":19,"minecraft:water_bucket":14,"minecraft:andesite":179,"minecraft:golden_leggings":1,"minecraft:beacon":3,"minecraft:potato":103,"minecraft:flint":36,"minecraft:tuff":7,"minecraft:netherite_leggings":4,"minecraft:lapis_lazuli":772,"minecraft:dirt":4223,"minecraft:lantern":7,"minecraft:leather_boots":1,"minecraft:glass":58,"minecraft:bone":29,"minecraft:bow":62,"minecraft:wheat_seeds":1657,"minecraft:raw_gold":21,"minecraft:bell":24,"minecraft:diamond_helmet":3,"minecraft:stone_hoe":3,"minecraft:oak_planks":115,"minecraft:cooked_porkchop":15,"minecraft:sand":168,"minecraft:grass_block":4,"minecraft:spectral_arrow":58,"minecraft:diamond":60,"minecraft:netherite_helmet":3,"minecraft:crossbow":22,"minecraft:granite":29,"minecraft:golden_apple":2,"minecraft:emerald":293,"minecraft:bread":338,"minecraft:piglin_banner_pattern":1,"minecraft:oak_sapling":5,"minecraft:netherrack":9566,"minecraft:chorus_fruit":7,"minecraft:crimson_roots":10,"minecraft:diamond_pickaxe":53,"minecraft:crafting_table":10,"minecraft:azure_bluet":15,"minecraft:wooden_pickaxe":4,"minecraft:diamond_horse_armor":1,"minecraft:shield":6,"minecraft:cornflower":2,"minecraft:oak_trapdoor":1,"minecraft:elytra":2,"minecraft:iron_axe":23,"minecraft:netherite_scrap":7,"minecraft:item_frame":1,"minecraft:compass":36,"minecraft:iron_shovel":3,"minecraft:blackstone":224,"minecraft:netherite_sword":5,"minecraft:beef":13,"minecraft:oak_boat":1,"minecraft:poppy":14,"minecraft:minecart":9,"minecraft:lectern":112,"minecraft:sugar_cane":241,"minecraft:chest":1,"minecraft:raw_iron":147,"minecraft:end_stone":4,"minecraft:stone":15,"minecraft:bowl":10,"minecraft:cake":1,"minecraft:cookie":55,"minecraft:arrow":780,"minecraft:diamond_chestplate":5,"minecraft:beetroot_seeds":14,"minecraft:pumpkin_pie":26,"minecraft:nether_bricks":32,"minecraft:deepslate_bricks":1404,"minecraft:shears":17,"minecraft:diamond_boots":4,"minecraft:gold_ingot":92,"minecraft:mutton":85,"minecraft:rail":147,"minecraft:white_wool":462,"minecraft:oxeye_daisy":1,"minecraft:stripped_oak_log":16,"minecraft:netherite_boots":4,"minecraft:basalt":80,"minecraft:golden_carrot":15,"minecraft:leather":37,"minecraft:filled_map":2,"minecraft:oak_log":68,"minecraft:ancient_debris":42,"minecraft:yellow_bed":8,"minecraft:nether_wart_block":24,"minecraft:gunpowder":19,"minecraft:cobblestone_stairs":5,"minecraft:deepslate_tile_slab":7,"minecraft:paper":2,"minecraft:cooked_mutton":2,"minecraft:apple":68,"minecraft:stone_bricks":58,"minecraft:iron_ingot":283,"minecraft:stone_pickaxe":11,"minecraft:cherry_sign":14,"minecraft:iron_sword":6,"minecraft:book":131,"minecraft:smooth_basalt":1,"minecraft:red_wool":466,"minecraft:quartz":32,"minecraft:dandelion":12,"minecraft:gravel":81,"minecraft:lava_bucket":15,"minecraft:blast_furnace":5,"minecraft:white_bed":98,"minecraft:crying_obsidian":20,"minecraft:spider_eye":1,"minecraft:dragon_egg":2,"minecraft:firework_rocket":21,"minecraft:diamond_shovel":9,"minecraft:pumpkin_seeds":3,"minecraft:slime_ball":12,"minecraft:stone_axe":4,"minecraft:chainmail_leggings":1,"minecraft:iron_helmet":12,"minecraft:diamond_axe":9,"minecraft:cherry_sapling":20,"minecraft:lodestone":1,"minecraft:coal":127,"minecraft:ender_pearl":134},"minecraft:mined":{"minecraft:white_bed":6,"minecraft:cherry_log":308,"minecraft:cobblestone_stairs":1,"minecraft:obsidian":1,"minecraft:granite":15,"minecraft:grass_block":1680,"minecraft:deepslate_bricks":35,"minecraft:composter":2,"minecraft:oxeye_daisy":1,"minecraft:weeping_vines_plant":1,"minecraft:magma_block":35,"minecraft:iron_ore":32,"minecraft:cobbled_deepslate":180,"minecraft:fire":145,"minecraft:deepslate_lapis_ore":15,"minecraft:azure_bluet":1,"minecraft:sculk_shrieker":1,"minecraft:dirt_path":1,"minecraft:iron_block":174,"minecraft:blackstone":133,"minecraft:crimson_nylium":27,"minecraft:deepslate_tile_slab":7,"minecraft:torch":1,"minecraft:blast_furnace":2,"minecraft:beacon":2,"minecraft:chest":3,"minecraft:dead_bush":40,"minecraft:nether_quartz_ore":39,"minecraft:glass":24,"minecraft:cobblestone":245,"minecraft:oak_planks":4,"minecraft:sugar_cane":74,"minecraft:wall_torch":3,"minecraft:amethyst_block":1,"minecraft:nether_wart_block":20,"minecraft:wheat":300,"minecraft:purpur_block":2,"minecraft:grass":412,"minecraft:oak_log":65,"minecraft:sand":186,"minecraft:dirt":899,"minecraft:netherrack":9350,"minecraft:ancient_debris":12,"minecraft:oak_leaves":58,"minecraft:deepslate":1425,"minecraft:nether_gold_ore":7,"minecraft:diamond_ore":2,"minecraft:tuff":4,"minecraft:deepslate_diamond_ore":2,"minecraft:cherry_sapling":2,"minecraft:end_stone":8,"minecraft:glow_lichen":1,"minecraft:nether_bricks":27,"minecraft:crimson_roots":3,"minecraft:cherry_wall_sign":2,"minecraft:oak_trapdoor":1,"minecraft:andesite":52,"minecraft:nether_brick_fence":6,"minecraft:bookshelf":1,"minecraft:deepslate_iron_ore":30,"minecraft:cobblestone_slab":4,"minecraft:rail":98,"minecraft:lantern":2,"minecraft:stripped_oak_log":16,"minecraft:chorus_plant":1,"minecraft:stone":795,"minecraft:cherry_planks":7,"minecraft:basalt":9,"minecraft:dandelion":4,"minecraft:oak_fence":1,"minecraft:crafting_table":3,"minecraft:cornflower":2,"minecraft:lectern":114,"minecraft:copper_ore":5,"minecraft:tall_grass":107,"minecraft:lapis_ore":5,"minecraft:deepslate_gold_ore":3,"minecraft:diorite":8,"minecraft:cactus":1,"minecraft:yellow_bed":1,"minecraft:coal_ore":47,"minecraft:cherry_leaves":29,"minecraft:gravel":76,"minecraft:stone_bricks":10},"minecraft:killed_by":{"minecraft:zombie_villager":1,"minecraft:creeper":2,"minecraft:piglin":2,"minecraft:zombie":4,"minecraft:player":31,"minecraft:spider":1,"minecraft:enderman":1,"minecraft:iron_golem":3,"minecraft:ender_dragon":4,"minecraft:warden":1,"minecraft:skeleton":6},"minecraft:killed":{"minecraft:spider":5,"minecraft:skeleton":5,"minecraft:piglin":1,"minecraft:pig":1,"minecraft:iron_golem":14,"minecraft:ender_dragon":1,"minecraft:creeper":7,"minecraft:zombie":49,"minecraft:cow":2,"minecraft:hoglin":2,"minecraft:wither_skeleton":1,"minecraft:enderman":12},"minecraft:broken":{"minecraft:iron_shovel":1,"minecraft:diamond_pickaxe":2,"minecraft:iron_sword":1,"minecraft:iron_axe":2,"minecraft:iron_pickaxe":5},"minecraft:custom":{"minecraft:animals_bred":23,"minecraft:interact_with_crafting_table":92,"minecraft:eat_cake_slice":2,"minecraft:leave_game":28,"minecraft:time_since_death":234,"minecraft:sprint_one_cm":1623570,"minecraft:damage_blocked_by_shield":548,"minecraft:drop":355,"minecraft:talked_to_villager":353,"minecraft:play_time":861525,"minecraft:deaths":75,"minecraft:jump":12820,"minecraft:interact_with_brewingstand":1,"minecraft:walk_on_water_one_cm":76667,"minecraft:enchant_item":1,"minecraft:interact_with_furnace":50,"minecraft:traded_with_villager":558,"minecraft:sleep_in_bed":26,"minecraft:open_enderchest":52,"minecraft:damage_dealt":21447,"minecraft:interact_with_beacon":5,"minecraft:player_kills":12,"minecraft:crouch_one_cm":184793,"minecraft:interact_with_smoker":14,"minecraft:interact_with_smithing_table":10,"minecraft:interact_with_anvil":1,"minecraft:mob_kills":110,"minecraft:climb_one_cm":55530,"minecraft:walk_one_cm":2288488,"minecraft:sneak_time":64281,"minecraft:walk_under_water_one_cm":83639,"minecraft:boat_one_cm":4908,"minecraft:interact_with_blast_furnace":26,"minecraft:total_world_time":861525,"minecraft:interact_with_stonecutter":5,"minecraft:interact_with_grindstone":2,"minecraft:time_since_rest":301,"minecraft:damage_absorbed":40,"minecraft:damage_taken":41136,"minecraft:swim_one_cm":65454,"minecraft:fly_one_cm":3856120,"minecraft:open_chest":535,"minecraft:aviate_one_cm":66038,"minecraft:fall_one_cm":387429},"minecraft:used":{"minecraft:cherry_sapling":17,"minecraft:iron_shovel":982,"minecraft:elytra":1,"minecraft:ladder":2,"minecraft:poppy":2,"minecraft:chest":28,"minecraft:shield":70,"minecraft:iron_sword":328,"minecraft:stone":73,"minecraft:rotten_flesh":2,"minecraft:iron_chestplate":3,"minecraft:nether_bricks":4,"minecraft:deepslate_tile_slab":173,"minecraft:furnace_minecart":1,"minecraft:obsidian":1,"minecraft:glass":105,"minecraft:lava_bucket":16,"minecraft:lantern":5,"minecraft:iron_helmet":1,"minecraft:cherry_leaves":13,"minecraft:stone_bricks":108,"minecraft:netherite_boots":3,"minecraft:bow":197,"minecraft:oak_sapling":5,"minecraft:furnace":1,"minecraft:potato":5,"minecraft:diamond_boots":1,"minecraft:diorite":1,"minecraft:chorus_fruit":1,"minecraft:oak_planks":6,"minecraft:stone_pickaxe":76,"minecraft:ender_pearl":6,"minecraft:blackstone":38,"minecraft:wooden_pickaxe":29,"minecraft:composter":3,"minecraft:sugar_cane":9,"minecraft:diamond_axe":330,"minecraft:cookie":14,"minecraft:golden_apple":3,"minecraft:sand":30,"minecraft:netherite_helmet":1,"minecraft:firework_rocket":4,"minecraft:bread":126,"minecraft:lectern":112,"minecraft:cherry_sign":9,"minecraft:gravel":5,"minecraft:nether_wart_block":12,"minecraft:diamond_sword":21,"minecraft:andesite":7,"minecraft:bone_meal":3,"minecraft:oak_fence":2,"minecraft:cherry_boat":8,"minecraft:netherite_sword":42,"minecraft:flint_and_steel":2,"minecraft:netherrack":781,"minecraft:torch":39,"minecraft:dirt":2754,"minecraft:hopper":9,"minecraft:diamond_helmet":1,"minecraft:granite":6,"minecraft:bookshelf":1,"minecraft:iron_block":192,"minecraft:iron_axe":556,"minecraft:iron_boots":2,"minecraft:diamond_chestplate":1,"minecraft:golden_carrot":36,"minecraft:basalt":10,"minecraft:beef":3,"minecraft:minecart":6,"minecraft:cooked_beef":10,"minecraft:cobbled_deepslate":446,"minecraft:cherry_log":1,"minecraft:iron_leggings":3,"minecraft:cooked_mutton":7,"minecraft:wheat_seeds":341,"minecraft:water_bucket":145,"minecraft:netherite_chestplate":2,"minecraft:cherry_planks":5,"minecraft:beacon":3,"minecraft:stonecutter":1,"minecraft:cobblestone_slab":19,"minecraft:deepslate_bricks":1138,"minecraft:rail":55,"minecraft:crafting_table":5,"minecraft:white_bed":43,"minecraft:cake":1,"minecraft:diamond_pickaxe":11445,"minecraft:diamond_shovel":1732,"minecraft:iron_pickaxe":1409,"minecraft:suspicious_stew":3,"minecraft:stone_axe":77,"minecraft:potion":2,"minecraft:cobblestone":406,"minecraft:porkchop":3,"minecraft:cooked_porkchop":15,"minecraft:bucket":175,"minecraft:pumpkin_pie":21,"minecraft:dandelion":1,"minecraft:diamond_leggings":1}},"DataVersion":3465}